,xycoordinate,descrption,details,grade,timestamp,player_id,teamid,home_teamid,away_teamid,name,player_number,home_score,away_score,block,attack_combo,match_id,start_coordinate,mid_coordinate,end_coordinate,set_number,net_let,dig_details
0,61D,serve,jump_float,-,186,-126559,4683,959,4683,April Ross,3,00,00,,,104007,0954,00.06.35,8435,1,,
1,1D,reception,middle,#,187,-8333,959,959,4683,Nina Betschart,2,00,00,,,104007,0954,00.06.35,8435,1,,
2,3A,set,~,#,189,-8334,959,959,4683,Tanja Huberli,1,00,00,,,104007,4257,00.06.35,,1,,
3,6D,attack,hard,#,191,-8333,959,959,4683,Nina Betschart,2,00,00,line,X5,104007,4885,00.06.35,8356,1,,
5,,point,,,,,959,959,4683,,,01,00,,,104007,,,,1,,
6,56D,serve,jump_float,!,210,-8333,959,959,4683,Nina Betschart,2,01,00,,,104007,0717,00.06.35,8459,1,,
7,6D,reception,right,!,211,-126559,4683,959,4683,April Ross,3,01,00,,,104007,0717,00.06.35,8459,1,,
8,3C,set,~,#,213,-126558,4683,959,4683,Alexandra Klineman,4,01,00,,,104007,4741,00.06.35,,1,,
9,6D,attack,pokey,#,215,-126559,4683,959,4683,April Ross,3,01,00,jump_angle,X3,104007,4850,00.06.35,8957,1,,
11,,point,,,,,4683,959,4683,,,01,01,,,104007,,,,1,,
12,51A,serve,jump_float,=,235,-126558,4683,959,4683,Alexandra Klineman,4,01,01,,,104007,0926,00.06.35,9613,1,,
14,,point,,,,,959,959,4683,,,02,01,,,104007,,,,1,,
15,66D,serve,standing_float_near,-,249,-8334,959,959,4683,Tanja Huberli,1,02,01,,,104007,0947,00.06.35,8656,1,,
16,6D,reception,right,+,250,-126559,4683,959,4683,April Ross,3,02,01,,,104007,0947,00.06.35,8656,1,,
17,8C,set,~,#,252,-126558,4683,959,4683,Alexandra Klineman,4,02,01,,,104007,3545,00.06.35,,1,,
18,1D,attack,shot,#,254,-126559,4683,959,4683,April Ross,3,02,01,line,X1,104007,4815,00.06.35,8623,1,,
20,,point,,,,,4683,959,4683,,,02,02,,,104007,,,,1,,
21,61C,serve,jump_float,-,277,-126559,4683,959,4683,April Ross,3,02,02,,,104007,0954,00.06.35,8334,1,,
22,1C,reception,middle,#,278,-8333,959,959,4683,Nina Betschart,2,02,02,,,104007,0954,00.06.35,8334,1,,
23,3A,set,~,#,279,-8334,959,959,4683,Tanja Huberli,1,02,02,,,104007,4157,00.06.35,,1,,
24,1C,attack,shot,#,281,-8333,959,959,4683,Nina Betschart,2,02,02,jump_angle,X4,104007,4869,00.06.35,7726,1,,
26,,point,,,,,959,959,4683,,,03,02,,,104007,,,,1,,
27,56C,serve,jump_float,!,302,-8333,959,959,4683,Nina Betschart,2,03,02,,,104007,0914,00.06.35,8156,1,,
28,6C,reception,right,!,303,-126559,4683,959,4683,April Ross,3,03,02,,,104007,0914,00.06.35,8156,1,,
29,6C,set,~,#,305,-126558,4683,959,4683,Alexandra Klineman,4,03,02,,,104007,2344,00.06.35,,1,,
30,7A,attack,hard,/,307,-126559,4683,959,4683,April Ross,3,03,02,jump_angle,V2,104007,4832,00.06.35,7665,1,,
31,,block,,#,307,-8334,959,959,4683,Tanja Huberli,1,03,02,,,104007,4863,00.06.35,,1,,
32,,free_ball,,=,307,-126558,4683,959,4683,Alexandra Klineman,4,03,02,,,104007,4351,00.06.35,,1,,
33,,point,,,,,959,959,4683,,,04,02,,,104007,,,,1,,
34,56D,serve,jump_float,-,326,-8333,959,959,4683,Nina Betschart,2,04,02,,,104007,0926,00.06.35,8360,1,,
35,6D,reception,middle,#,327,-126559,4683,959,4683,April Ross,3,04,02,,,104007,0926,00.06.35,8360,1,,
36,3A,set,~,-,329,-126558,4683,959,4683,Alexandra Klineman,4,04,02,,,104007,4250,00.06.35,,1,,
37,1B,attack,pokey,+,330,-126559,4683,959,4683,April Ross,3,04,02,line,X1,104007,4815,00.06.35,8123,1,,
38,,dig,,-,331,-8333,959,959,4683,Nina Betschart,2,04,02,,,104007,4815,00.06.35,8123,1,,after_block
39,,free_ball,,-,333,-126559,4683,959,4683,April Ross,3,04,02,,,104007,2216,00.06.35,,1,,
40,7D,set,~,#,334,-126558,4683,959,4683,Alexandra Klineman,4,04,02,,,104007,2812,00.06.35,,1,,
41,3B,attack,hard,=,336,-126559,4683,959,4683,April Ross,3,04,02,line,J2,104007,3931,00.06.35,5239,1,,
43,,point,,,,,959,959,4683,,,05,02,,,104007,,,,1,,
44,56A,serve,jump_float,-,368,-8333,959,959,4683,Nina Betschart,2,05,02,,,104007,0714,00.06.35,8440,1,,
45,6A,reception,middle,+,369,-126558,4683,959,4683,Alexandra Klineman,4,05,02,,,104007,0714,00.06.35,8440,1,,
46,3D,set,~,#,371,-126559,4683,959,4683,April Ross,3,05,02,,,104007,3847,00.06.35,,1,,
47,5A,attack,hard,=,373,-126558,4683,959,4683,Alexandra Klineman,4,05,02,jump_angle,P4,104007,4869,00.06.35,9569,1,,
49,,point,,,,,959,959,4683,,,06,02,,,104007,,,,1,,
50,56C,serve,jump_float,+,391,-8333,959,959,4683,Nina Betschart,2,06,02,,,104007,0926,00.06.35,8056,1,,
51,6C,reception,right,-,392,-126559,4683,959,4683,April Ross,3,06,02,,,104007,0926,00.06.35,8056,1,,
52,3A,set,~,#,393,-126558,4683,959,4683,Alexandra Klineman,4,06,02,,,104007,4252,00.06.35,,1,,
53,9B,attack,shot,#,395,-126559,4683,959,4683,April Ross,3,06,02,peel,X2,104007,4832,00.06.35,6922,1,,
54,,dig,,=,396,-8334,959,959,4683,Tanja Huberli,1,06,02,,,104007,4832,00.06.35,6922,1,,on_spike
55,,point,,,,,4683,959,4683,,,06,03,,,104007,,,,1,,
56,61D,serve,jump_float,-,419,-126558,4683,959,4683,Alexandra Klineman,4,06,03,,,104007,0954,00.06.35,8530,1,,
57,1D,reception,middle,+,420,-8333,959,959,4683,Nina Betschart,2,06,03,,,104007,0954,00.06.35,8530,1,,
58,8B,set,~,#,422,-8334,959,959,4683,Tanja Huberli,1,06,03,,,104007,3363,00.06.35,,1,,
59,7D,attack,shot,#,423,-126558,4683,959,4683,Alexandra Klineman,4,06,03,jump_angle,X5,104007,4885,00.06.35,7584,1,,
60,,dig,,=,423,-8334,959,959,4683,Tanja Huberli,1,06,03,,,104007,4885,00.06.35,7584,1,,emergency
61,,point,,,,,959,959,4683,,,07,03,,,104007,,,,1,,
62,68B,serve,standing_float_near,!,444,-8334,959,959,4683,Tanja Huberli,1,07,03,,,104007,0747,00.06.35,6449,1,,
63,8B,reception,low,!,445,-126558,4683,959,4683,Alexandra Klineman,4,07,03,,,104007,0747,00.06.35,6449,1,,
64,4B,set,~,#,446,-126559,4683,959,4683,April Ross,3,07,03,,,104007,4733,00.06.35,,1,,
65,7A,attack,shot,/,448,-126558,4683,959,4683,Alexandra Klineman,4,07,03,line,X4,104007,4869,00.06.35,7076,1,,
66,,block,,#,448,-8334,959,959,4683,Tanja Huberli,1,07,03,,,104007,4832,00.06.35,,1,,
67,,point,,,,,959,959,4683,,,08,03,,,104007,,,,1,,
68,65A,serve,standing_float_near,-,471,-8334,959,959,4683,Tanja Huberli,1,08,03,,,104007,0845,00.06.35,8375,1,,
69,5A,reception,left,#,473,-126559,4683,959,4683,April Ross,3,08,03,,,104007,0845,00.06.35,8375,1,,
70,3D,set,~,#,474,-126558,4683,959,4683,Alexandra Klineman,4,08,03,,,104007,3947,00.06.35,,1,,
71,1B,attack,shot,-,476,-126559,4683,959,4683,April Ross,3,08,03,jump_angle,X2,104007,4832,00.06.35,8119,1,,
72,,dig,,+,476,-8333,959,959,4683,Nina Betschart,2,08,03,,,104007,4832,00.06.35,8119,1,,on_spike
73,8D,set,~,#,478,-8334,959,959,4683,Tanja Huberli,1,08,03,,,104007,2540,00.06.35,,1,,
74,9A,attack,hard,#,480,-8333,959,959,4683,Nina Betschart,2,08,03,line,V3,104007,4849,00.06.35,7414,1,,
76,,point,,,,,959,959,4683,,,09,03,,,104007,,,,1,,
77,66A,serve,standing_float_near,!,566,-8334,959,959,4683,Tanja Huberli,1,09,03,,,104007,0957,00.06.35,8441,1,,
78,6A,reception,middle,!,567,-126558,4683,959,4683,Alexandra Klineman,4,09,03,,,104007,0957,00.06.35,8441,1,,
79,9C,attack,hard,#,569,-126559,4683,959,4683,April Ross,3,09,03,peel,C4,104007,4868,00.06.35,6626,1,let,
81,,point,,,,,4683,959,4683,,,09,04,,,104007,,,,1,,
82,65B,serve,jump_float,+,590,-126559,4683,959,4683,April Ross,3,09,04,,,104007,0954,00.06.35,8177,1,,
83,5B,reception,middle,-,591,-8334,959,959,4683,Tanja Huberli,1,09,04,,,104007,0954,00.06.35,8177,1,,
84,5C,set,~,#,593,-8333,959,959,4683,Nina Betschart,2,09,04,,,104007,2013,00.06.35,,1,,
85,1D,attack,hard,+,595,-8334,959,959,4683,Tanja Huberli,1,09,04,jump_angle,J2,104007,3931,00.06.35,8635,1,,
86,,dig,,-,595,-126559,4683,959,4683,April Ross,3,09,04,,,104007,3931,00.06.35,8635,1,,emergency
87,4C,attack,pokey,#,597,-8334,959,959,4683,Tanja Huberli,1,09,04,line,~~,104007,4749,00.06.35,5577,1,,
88,,block,,=,597,-126558,4683,959,4683,Alexandra Klineman,4,09,04,,,104007,4947,00.06.35,,1,,
89,,point,,,,,959,959,4683,,,10,04,,,104007,,,,1,,
90,55A,serve,jump_float,!,624,-8333,959,959,4683,Nina Betschart,2,10,04,,,104007,0814,00.06.35,8465,1,,
91,5A,reception,middle,!,625,-126559,4683,959,4683,April Ross,3,10,04,,,104007,0814,00.06.35,8465,1,,
92,7B,set,~,#,627,-126558,4683,959,4683,Alexandra Klineman,4,10,04,,,104007,3323,00.06.35,,1,,
93,5C,attack,hard,/,628,-126559,4683,959,4683,April Ross,3,10,04,jump_angle,V1,104007,4814,00.06.35,7778,1,,
94,,block,,#,628,-8334,959,959,4683,Tanja Huberli,1,10,04,,,104007,,00.06.35,,1,,
95,,point,,,,,959,959,4683,,,11,04,,,104007,,,,1,,
96,56C,serve,jump_float,!,647,-8333,959,959,4683,Nina Betschart,2,11,04,,,104007,0919,00.06.35,8163,1,,
97,6C,reception,middle,!,648,-126559,4683,959,4683,April Ross,3,11,04,,,104007,0919,00.06.35,8163,1,,
98,3C,set,~,#,649,-126558,4683,959,4683,Alexandra Klineman,4,11,04,,,104007,4645,00.06.35,,1,,
99,9A,attack,shot,#,651,-126559,4683,959,4683,April Ross,3,11,04,angle,V4,104007,4868,00.06.35,7115,1,,
100,,block,,=,651,-8334,959,959,4683,Tanja Huberli,1,11,04,,,104007,,00.06.35,,1,,
101,,point,,,,,4683,959,4683,,,11,05,,,104007,,,,1,,
102,66D,serve,jump_float,-,672,-126558,4683,959,4683,Alexandra Klineman,4,11,05,,,104007,0954,00.06.35,8454,1,,
103,6D,reception,right,#,673,-8334,959,959,4683,Tanja Huberli,1,11,05,,,104007,0954,00.06.35,8454,1,,
104,3D,set,~,#,674,-8333,959,959,4683,Nina Betschart,2,11,05,,,104007,4241,00.06.35,,1,,
105,9B,attack,shot,+,676,-8334,959,959,4683,Tanja Huberli,1,11,05,line,X1,104007,4815,00.06.35,6916,1,,
106,,block,,-,676,-126558,4683,959,4683,Alexandra Klineman,4,11,05,,,104007,4785,00.06.35,,1,,
107,,free_ball,,!,677,-8334,959,959,4683,Tanja Huberli,1,11,05,,,104007,4422,00.06.35,,1,,
108,3B,set,~,#,678,-8333,959,959,4683,Nina Betschart,2,11,05,,,104007,4352,00.06.35,,1,,
109,7A,attack,hard,#,679,-8334,959,959,4683,Tanja Huberli,1,11,05,peel,V2,104007,4832,00.06.35,7671,1,,
110,,dig,,=,680,-126559,4683,959,4683,April Ross,3,11,05,,,104007,4832,00.06.35,7671,1,,on_spike
111,,point,,,,,959,959,4683,,,12,05,,,104007,,,,1,,
112,66C,serve,standing_float_near,-,712,-8334,959,959,4683,Tanja Huberli,1,12,05,,,104007,0859,00.06.35,8057,1,,
113,6C,reception,right,+,713,-126559,4683,959,4683,April Ross,3,12,05,,,104007,0859,00.06.35,8057,1,,
114,3B,set,~,#,714,-126558,4683,959,4683,Alexandra Klineman,4,12,05,,,104007,4458,00.06.35,,1,,
115,2A,attack,pokey,-,716,-126559,4683,959,4683,April Ross,3,12,05,peel,X3,104007,4850,00.06.35,6120,1,,
116,,dig,,#,716,-8333,959,959,4683,Nina Betschart,2,12,05,,,104007,4850,00.06.35,6120,1,,emergency
117,3B,set,~,#,718,-8334,959,959,4683,Tanja Huberli,1,12,05,,,104007,4358,00.06.35,,1,,
118,2D,attack,shot,#,719,-8333,959,959,4683,Nina Betschart,2,12,05,line,X4,104007,4869,00.06.35,5829,1,let,
119,,dig,,=,719,-126559,4683,959,4683,April Ross,3,12,05,,,104007,4869,00.06.35,5829,1,,emergency
120,,point,,,,,959,959,4683,,,13,05,,,104007,,,,1,,
121,67B,serve,standing_float_near,+,740,-8334,959,959,4683,Tanja Huberli,1,13,05,,,104007,0954,00.06.35,6368,1,let,
122,7B,reception,low,-,741,-126559,4683,959,4683,April Ross,3,13,05,,,104007,0954,00.06.35,6368,1,,
123,5C,attack,shot,#,741,-126558,4683,959,4683,Alexandra Klineman,4,13,05,peel,C3,104007,4850,00.06.35,8386,1,,
125,,point,,,,,4683,959,4683,,,13,06,,,104007,,,,1,,
126,56A,serve,jump_float,/,765,-126559,4683,959,4683,April Ross,3,13,06,,,104007,0425,00.06.35,8648,1,,
127,6A,reception,left,/,766,-8333,959,959,4683,Nina Betschart,2,13,06,,,104007,0425,00.06.35,8648,1,,
128,3C,set,~,-,768,-8334,959,959,4683,Tanja Huberli,1,13,06,,,104007,4950,00.06.35,,1,,
129,,free_ball,,=,770,-126559,4683,959,4683,April Ross,3,13,06,,,104007,4668,00.06.35,,1,,
131,,point,,,,,959,959,4683,,,14,06,,,104007,,,,1,,
132,57A,serve,jump_float,!,809,-8333,959,959,4683,Nina Betschart,2,14,06,,,104007,0817,00.06.35,7375,1,,
133,7A,reception,middle,!,810,-126559,4683,959,4683,April Ross,3,14,06,,,104007,0817,00.06.35,7375,1,,
134,8D,set,~,#,812,-126558,4683,959,4683,Alexandra Klineman,4,14,06,,,104007,2449,00.06.35,,1,,
135,1B,attack,shot,#,813,-126559,4683,959,4683,April Ross,3,14,06,line,V1,104007,4518,00.06.35,8110,1,,
137,,point,,,,,4683,959,4683,,,14,07,,,104007,,,,1,,
138,63B,serve,jump_float,=,915,-126558,4683,959,4683,Alexandra Klineman,4,14,07,,,104007,0954,00.06.35,5242,1,,
140,,point,,,,,959,959,4683,,,15,07,,,104007,,,,1,,
141,98D,serve,standing_float_near,-,932,-8334,959,959,4683,Tanja Huberli,1,15,07,,,104007,0968,00.06.35,7457,1,,
142,8D,reception,low,+,934,-126559,4683,959,4683,April Ross,3,15,07,,,104007,0968,00.06.35,7457,1,,
143,1D,attack,hard,#,935,-126558,4683,959,4683,Alexandra Klineman,4,15,07,peel,C4,104007,4868,00.06.35,8731,1,,
145,,point,,,,,4683,959,4683,,,15,08,,,104007,,,,1,,
146,55C,serve,jump_float,#,955,-126559,4683,959,4683,April Ross,3,15,08,,,104007,0820,00.06.35,7791,1,,
147,5C,reception,low,=,956,-8334,959,959,4683,Tanja Huberli,1,15,08,,,104007,0820,00.06.35,7791,1,,
148,,point,,,,,4683,959,4683,,,15,09,,,104007,,,,1,,
149,55D,serve,jump_float,=,1016,-126559,4683,959,4683,April Ross,3,15,09,,,104007,0926,00.06.35,8394,1,,
151,,point,,,,,959,959,4683,,,16,09,,,104007,,,,1,,
152,56D,serve,jump_float,+,1035,-8333,959,959,4683,Nina Betschart,2,16,09,,,104007,0926,00.06.35,8653,1,,
153,6D,reception,right,-,1036,-126559,4683,959,4683,April Ross,3,16,09,,,104007,0926,00.06.35,8653,1,,
154,1A,set,~,-,1038,-126558,4683,959,4683,Alexandra Klineman,4,16,09,,,104007,1198,00.06.35,,1,,
155,6C,attack,shot,-,1040,-126559,4683,959,4683,April Ross,3,16,09,peel,J5,104007,4085,00.06.35,8258,1,,
156,,dig,,#,1041,-8334,959,959,4683,Tanja Huberli,1,16,09,,,104007,4085,00.06.35,8258,1,,on_spike
157,4B,set,~,#,1042,-8333,959,959,4683,Nina Betschart,2,16,09,,,104007,4635,00.06.35,,1,,
158,7A,attack,shot,-,1044,-8334,959,959,4683,Tanja Huberli,1,16,09,line,X1,104007,4815,00.06.35,7668,1,,
159,,dig,,#,1045,-126559,4683,959,4683,April Ross,3,16,09,,,104007,4815,00.06.35,7668,1,,on_spike
160,3B,set,~,#,1046,-126558,4683,959,4683,Alexandra Klineman,4,16,09,,,104007,4556,00.06.35,,1,,
161,7D,attack,hard,#,1048,-126559,4683,959,4683,April Ross,3,16,09,jump_angle,X3,104007,4850,00.06.35,7489,1,,
162,,block,,=,1048,-8334,959,959,4683,Tanja Huberli,1,16,09,,,104007,,00.06.35,,1,,
163,,point,,,,,4683,959,4683,,,16,10,,,104007,,,,1,,
164,67C,serve,jump_float,+,1070,-126558,4683,959,4683,Alexandra Klineman,4,16,10,,,104007,0954,00.06.35,6878,1,,
165,7C,reception,low,-,1071,-8334,959,959,4683,Tanja Huberli,1,16,10,,,104007,0954,00.06.35,6878,1,,
166,3D,set,~,#,1072,-8333,959,959,4683,Nina Betschart,2,16,10,,,104007,4348,00.06.35,,1,,
167,1D,attack,pokey,-,1073,-8334,959,959,4683,Tanja Huberli,1,16,10,line,X2,104007,4832,00.06.35,8727,1,,
168,,dig,,#,1074,-126559,4683,959,4683,April Ross,3,16,10,,,104007,4832,00.06.35,8727,1,,on_spike
169,2C,set,~,#,1076,-126558,4683,959,4683,Alexandra Klineman,4,16,10,,,104007,4373,00.06.35,,1,,
170,6D,attack,hard,/,1078,-126559,4683,959,4683,April Ross,3,16,10,line,X5,104007,4885,00.06.35,8360,1,,
171,,block,,#,1078,-8334,959,959,4683,Tanja Huberli,1,16,10,,,104007,4718,00.06.35,,1,,
172,,free_ball,,=,1078,-126558,4683,959,4683,Alexandra Klineman,4,16,10,,,104007,4750,00.06.35,,1,,
173,,point,,,,,959,959,4683,,,17,10,,,104007,,,,1,,
174,96A,serve,standing_float_near,-,1098,-8334,959,959,4683,Tanja Huberli,1,17,10,,,104007,0868,00.06.35,8444,1,,
175,6A,reception,middle,+,1099,-126558,4683,959,4683,Alexandra Klineman,4,17,10,,,104007,0868,00.06.35,8444,1,,
176,3A,set,~,#,1101,-126559,4683,959,4683,April Ross,3,17,10,,,104007,4059,00.06.35,,1,,
177,1B,attack,hard,#,1103,-126558,4683,959,4683,Alexandra Klineman,4,17,10,line,X2,104007,4832,00.06.35,8209,1,,
178,,block,,=,1103,-8334,959,959,4683,Tanja Huberli,1,17,10,,,104007,4774,00.06.35,,1,,
179,,point,,,,,4683,959,4683,,,17,11,,,104007,,,,1,,
180,55C,serve,jump_float,-,1136,-126559,4683,959,4683,April Ross,3,17,11,,,104007,0715,00.06.35,7786,1,,
181,5C,reception,middle,+,1137,-8334,959,959,4683,Tanja Huberli,1,17,11,,,104007,0715,00.06.35,7786,1,,
182,4B,set,~,#,1139,-8333,959,959,4683,Nina Betschart,2,17,11,,,104007,4432,00.06.35,,1,,
183,1A,attack,shot,#,1140,-8334,959,959,4683,Tanja Huberli,1,17,11,jump_line,X1,104007,4818,00.06.35,8416,1,,
185,,point,,,,,959,959,4683,,,18,11,,,104007,,,,1,,
186,75A,serve,jump_float,-,1159,-8333,959,959,4683,Nina Betschart,2,18,11,,,104007,1035,00.06.35,8368,1,,
187,5A,reception,middle,+,1160,-126559,4683,959,4683,April Ross,3,18,11,,,104007,1035,00.06.35,8368,1,,
188,3D,set,~,#,1162,-126558,4683,959,4683,Alexandra Klineman,4,18,11,,,104007,4045,00.06.35,,1,,
189,7D,attack,shot,#,1163,-126559,4683,959,4683,April Ross,3,18,11,jump_angle,X2,104007,4832,00.06.35,7284,1,,
191,,point,,,,,4683,959,4683,,,18,12,,,104007,,,,1,,
192,56A,serve,jump_float,-,1183,-126558,4683,959,4683,Alexandra Klineman,4,18,12,,,104007,0926,00.06.35,8641,1,,
193,6A,reception,right,+,1184,-8333,959,959,4683,Nina Betschart,2,18,12,,,104007,0926,00.06.35,8641,1,,
194,3D,set,~,#,1185,-8334,959,959,4683,Tanja Huberli,1,18,12,,,104007,4145,00.06.35,,1,,
195,9A,attack,hard,/,1187,-8333,959,959,4683,Nina Betschart,2,18,12,jump_angle,X3,104007,4850,00.06.35,7623,1,,
196,,block,,#,1187,-126558,4683,959,4683,Alexandra Klineman,4,18,12,,,104007,4959,00.06.35,,1,,
197,,point,,,,,4683,959,4683,,,18,13,,,104007,,,,1,,
198,56A,serve,jump_float,+,1206,-126558,4683,959,4683,Alexandra Klineman,4,18,13,,,104007,0926,00.06.35,8445,1,,
199,6A,reception,middle,-,1207,-8333,959,959,4683,Nina Betschart,2,18,13,,,104007,0926,00.06.35,8445,1,,
200,6A,set,~,#,1209,-8334,959,959,4683,Tanja Huberli,1,18,13,,,104007,1558,00.06.35,,1,,
201,6D,attack,shot,=,1211,-8333,959,959,4683,Nina Betschart,2,18,13,peel,V5,104007,4885,00.06.35,9155,1,,
203,,point,,,,,4683,959,4683,,,18,14,,,104007,,,,1,,
204,56D,serve,jump_float,!,1291,-126558,4683,959,4683,Alexandra Klineman,4,18,14,,,104007,0929,00.06.35,8559,1,,
205,6D,reception,right,!,1292,-8334,959,959,4683,Tanja Huberli,1,18,14,,,104007,0929,00.06.35,8559,1,,
206,8C,set,~,#,1294,-8333,959,959,4683,Nina Betschart,2,18,14,,,104007,3047,00.06.35,,1,,
207,5C,attack,hard,#,1295,-8334,959,959,4683,Tanja Huberli,1,18,14,jump_angle,V2,104007,4832,00.06.35,8184,1,,
208,,block,,=,1295,-126558,4683,959,4683,Alexandra Klineman,4,18,14,,,104007,4870,00.06.35,,1,,
209,,point,,,,,959,959,4683,,,19,14,,,104007,,,,1,,
210,66D,serve,standing_float_near,-,1314,-8334,959,959,4683,Tanja Huberli,1,19,14,,,104007,0858,00.06.35,8357,1,,
211,6D,reception,middle,+,1315,-126559,4683,959,4683,April Ross,3,19,14,,,104007,0858,00.06.35,8357,1,,
212,3D,set,~,#,1317,-126558,4683,959,4683,Alexandra Klineman,4,19,14,,,104007,3744,00.06.35,,1,,
213,9C,attack,pokey,#,1318,-126559,4683,959,4683,April Ross,3,19,14,angle,X3,104007,4857,00.06.35,6834,1,,
215,,point,,,,,4683,959,4683,,,19,15,,,104007,,,,1,,
216,56B,serve,jump_float,-,1340,-126559,4683,959,4683,April Ross,3,19,15,,,104007,0423,00.06.35,8045,1,,
217,6B,reception,middle,+,1341,-8333,959,959,4683,Nina Betschart,2,19,15,,,104007,0423,00.06.35,8045,1,,
218,8B,set,~,#,1342,-8334,959,959,4683,Tanja Huberli,1,19,15,,,104007,3256,00.06.35,,1,,
219,3C,attack,shot,=,1344,-8333,959,959,4683,Nina Betschart,2,19,15,jump_angle,X5,104007,4585,00.06.35,5250,1,,
221,,point,,,,,4683,959,4683,,,19,16,,,104007,,,,1,,
222,11C,serve,jump_float,!,1377,-126559,4683,959,4683,April Ross,3,19,16,,,104007,0184,00.06.35,8129,1,,
223,1C,reception,low,!,1378,-8333,959,959,4683,Nina Betschart,2,19,16,,,104007,0184,00.06.35,8129,1,,
224,8B,set,~,#,1380,-8334,959,959,4683,Tanja Huberli,1,19,16,,,104007,3352,00.06.35,,1,,
225,1A,attack,hard,=,1381,-8333,959,959,4683,Nina Betschart,2,19,16,jump_angle,V4,104007,4370,00.06.35,9414,1,,
227,,point,,,,,4683,959,4683,,,19,17,,,104007,,,,1,,
228,16A,serve,jump_float,+,1404,-126559,4683,959,4683,April Ross,3,19,17,,,104007,0283,00.06.35,8450,1,,
229,6A,reception,left,-,1405,-8333,959,959,4683,Nina Betschart,2,19,17,,,104007,0283,00.06.35,8450,1,,
230,3A,set,~,#,1406,-8334,959,959,4683,Tanja Huberli,1,19,17,,,104007,4251,00.06.35,,1,,
231,9B,attack,shot,#,1407,-8333,959,959,4683,Nina Betschart,2,19,17,peel,X5,104007,4580,00.06.35,6920,1,,
232,,dig,,=,1408,-126559,4683,959,4683,April Ross,3,19,17,,,104007,4580,00.06.35,6920,1,,emergency
233,,point,,,,,959,959,4683,,,20,17,,,104007,,,,1,,
234,51A,serve,jump_float,!,1432,-8333,959,959,4683,Nina Betschart,2,20,17,,,104007,0816,00.06.35,8613,1,,
235,1A,reception,right,!,1433,-126558,4683,959,4683,Alexandra Klineman,4,20,17,,,104007,0816,00.06.35,8613,1,,
236,4D,attack,pokey,+,1434,-126559,4683,959,4683,April Ross,3,20,17,angle,C4,104007,4868,00.06.35,6280,1,,
237,,block,,-,1435,-8334,959,959,4683,Tanja Huberli,1,20,17,,,104007,4824,00.06.35,,1,,
238,,free_ball,,+,1436,-126559,4683,959,4683,April Ross,3,20,17,,,104007,4858,00.06.35,,1,,
239,9A,attack,hard,#,1437,-126558,4683,959,4683,Alexandra Klineman,4,20,17,angle,C3,104007,4350,00.06.35,7216,1,,
241,,point,,,,,4683,959,4683,,,20,18,,,104007,,,,1,,
242,51D,serve,jump_float,-,1459,-126558,4683,959,4683,Alexandra Klineman,4,20,18,,,104007,0926,00.06.35,8532,1,,
243,1D,reception,left,#,1460,-8333,959,959,4683,Nina Betschart,2,20,18,,,104007,0926,00.06.35,8532,1,,
244,3B,set,~,#,1462,-8334,959,959,4683,Tanja Huberli,1,20,18,,,104007,4352,00.06.35,,1,,
245,7B,attack,shot,/,1463,-8333,959,959,4683,Nina Betschart,2,20,18,line,X4,104007,4869,00.06.35,6574,1,,
246,,block,,#,1463,-126558,4683,959,4683,Alexandra Klineman,4,20,18,,,104007,4923,00.06.35,,1,,
247,,point,,,,,4683,959,4683,,,20,19,,,104007,,,,1,,
248,51D,serve,jump_float,-,1485,-126558,4683,959,4683,Alexandra Klineman,4,20,19,,,104007,0926,00.06.35,8528,1,,
249,1D,reception,middle,#,1486,-8333,959,959,4683,Nina Betschart,2,20,19,,,104007,0926,00.06.35,8528,1,,
250,3B,set,~,#,1488,-8334,959,959,4683,Tanja Huberli,1,20,19,,,104007,4754,00.06.35,,1,,
251,1B,attack,hard,=,1489,-8333,959,959,4683,Nina Betschart,2,20,19,line,X4,104007,4869,00.06.35,8205,1,,
253,,point,,,,,4683,959,4683,,,20,20,,,104007,,,,1,,
254,51C,serve,jump_float,!,1515,-126558,4683,959,4683,Alexandra Klineman,4,20,20,,,104007,0926,00.06.35,8224,1,,
255,1C,reception,middle,!,1517,-8333,959,959,4683,Nina Betschart,2,20,20,,,104007,0926,00.06.35,8224,1,,
256,8A,set,~,#,1518,-8334,959,959,4683,Tanja Huberli,1,20,20,,,104007,3060,00.06.35,,1,,
257,1C,attack,hard,-,1520,-8333,959,959,4683,Nina Betschart,2,20,20,line,V5,104007,4885,00.06.35,8035,1,let,
258,,dig,,#,1520,-126559,4683,959,4683,April Ross,3,20,20,,,104007,4885,00.06.35,8035,1,,
259,7A,set,~,#,1522,-126558,4683,959,4683,Alexandra Klineman,4,20,20,,,104007,2934,00.06.35,,1,,
260,5C,attack,hard,#,1524,-126559,4683,959,4683,April Ross,3,20,20,peel,V3,104007,4849,00.06.35,8286,1,,
261,,dig,,=,1524,-8334,959,959,4683,Tanja Huberli,1,20,20,,,104007,4849,00.06.35,8286,1,,
262,,point,,,,,4683,959,4683,,,20,21,,,104007,,,,1,,
263,51B,serve,jump_float,!,1553,-126558,4683,959,4683,Alexandra Klineman,4,20,21,,,104007,0926,00.06.35,8013,1,,
264,1B,reception,right,!,1554,-8333,959,959,4683,Nina Betschart,2,20,21,,,104007,0926,00.06.35,8013,1,,
265,3B,set,~,-,1555,-8334,959,959,4683,Tanja Huberli,1,20,21,,,104007,4951,00.06.35,,1,,
266,1A,attack,hard,-,1557,-8333,959,959,4683,Nina Betschart,2,20,21,line,J3,104007,4150,00.06.35,8422,1,let,
267,,dig,,#,1558,-126559,4683,959,4683,April Ross,3,20,21,,,104007,4150,00.06.35,8422,1,,emergency
268,4D,attack,pokey,#,1559,-126558,4683,959,4683,Alexandra Klineman,4,20,21,jump_line,C4,104007,4868,00.06.35,6383,1,,
270,,point,,,,,4683,959,4683,,,20,22,,,104007,,,,1,,
272,55A,serve,jump_float,-,1674,-8333,959,959,4683,Nina Betschart,2,20,22,,,104007,0813,00.06.35,8671,2,,
273,5A,reception,middle,+,1675,-126559,4683,959,4683,April Ross,3,20,22,,,104007,0813,00.06.35,8671,2,,
274,8C,set,~,#,1677,-126558,4683,959,4683,Alexandra Klineman,4,20,22,,,104007,3146,00.06.35,,2,,
275,5C,attack,hard,#,1678,-126559,4683,959,4683,April Ross,3,20,22,line,X1,104007,4815,00.06.35,8183,2,,
277,,point,,,,,4683,959,4683,,,00,01,,,104007,,,,2,,
278,16A,serve,jump_float,-,1700,-126559,4683,959,4683,April Ross,3,00,01,,,104007,0285,00.06.35,8446,2,,
279,6A,reception,middle,+,1702,-8333,959,959,4683,Nina Betschart,2,00,01,,,104007,0285,00.06.35,8446,2,,
280,3A,set,~,#,1703,-8334,959,959,4683,Tanja Huberli,1,00,01,,,104007,4157,00.06.35,,2,,
281,7D,attack,shot,=,1705,-8333,959,959,4683,Nina Betschart,2,00,01,jump_angle,X5,104007,4885,00.06.35,7497,2,,
283,,point,,,,,4683,959,4683,,,00,02,,,104007,,,,2,,
284,16A,serve,jump_float,-,1729,-126559,4683,959,4683,April Ross,3,00,02,,,104007,0284,00.06.35,8541,2,,
285,6A,reception,left,+,1730,-8333,959,959,4683,Nina Betschart,2,00,02,,,104007,0284,00.06.35,8541,2,,
286,3D,set,~,#,1732,-8334,959,959,4683,Tanja Huberli,1,00,02,,,104007,3850,00.06.35,,2,,
287,6D,attack,hard,#,1733,-8333,959,959,4683,Nina Betschart,2,00,02,jump_angle,X4,104007,4869,00.06.35,8855,2,,
289,,point,,,,,959,959,4683,,,01,02,,,104007,,,,2,,
290,95A,serve,standing_float_near,+,1753,-8334,959,959,4683,Tanja Huberli,1,01,02,,,104007,0568,00.06.35,8869,2,,
291,5A,reception,middle,-,1754,-126559,4683,959,4683,April Ross,3,01,02,,,104007,0568,00.06.35,8869,2,,
292,6D,set,~,#,1755,-126558,4683,959,4683,Alexandra Klineman,4,01,02,,,104007,1148,00.06.35,,2,,
293,1C,attack,hard,-,1757,-126559,4683,959,4683,April Ross,3,01,02,peel,V1,104007,4618,00.06.35,8024,2,,
294,,dig,,#,1758,-8334,959,959,4683,Tanja Huberli,1,01,02,,,104007,4618,00.06.35,8024,2,,on_spike
295,3D,set,~,#,1759,-8333,959,959,4683,Nina Betschart,2,01,02,,,104007,4141,00.06.35,,2,,
296,5B,attack,hard,-,1761,-8334,959,959,4683,Tanja Huberli,1,01,02,peel,J3,104007,3855,00.06.35,8175,2,,
297,,dig,,+,1761,-126558,4683,959,4683,Alexandra Klineman,4,01,02,,,104007,3855,00.06.35,8175,2,,on_spike
298,6A,set,~,-,1762,-126559,4683,959,4683,April Ross,3,01,02,,,104007,1452,00.06.35,,2,,
299,1C,attack,pokey,-,1764,-126558,4683,959,4683,Alexandra Klineman,4,01,02,jump_angle,V3,104007,4849,00.06.35,7936,2,,
300,,dig,,#,1765,-8333,959,959,4683,Nina Betschart,2,01,02,,,104007,4849,00.06.35,7936,2,,emergency
301,8D,set,~,#,1766,-8334,959,959,4683,Tanja Huberli,1,01,02,,,104007,2844,00.06.35,,2,,
302,6D,attack,shot,#,1768,-8333,959,959,4683,Nina Betschart,2,01,02,line,J4,104007,4067,00.06.35,8958,2,,
304,,point,,,,,959,959,4683,,,02,02,,,104007,,,,2,,
305,93C,serve,standing_float_near,=,1792,-8334,959,959,4683,Tanja Huberli,1,02,02,,,104007,0568,00.06.35,5261,2,let,
307,,point,,,,,4683,959,4683,,,02,03,,,104007,,,,2,,
308,76D,serve,jump_float,+,1811,-126558,4683,959,4683,Alexandra Klineman,4,02,03,,,104007,0729,00.06.35,8456,2,,
309,6D,reception,left,-,1811,-8333,959,959,4683,Nina Betschart,2,02,03,,,104007,0729,00.06.35,8456,2,,
310,6C,set,~,-,1813,-8334,959,959,4683,Tanja Huberli,1,02,03,,,104007,2048,00.06.35,,2,,
311,6D,attack,pokey,-,1815,-8333,959,959,4683,Nina Betschart,2,02,03,jump_line,V5,104007,4885,00.06.35,8463,2,,
312,,dig,,#,1816,-126559,4683,959,4683,April Ross,3,02,03,,,104007,4885,00.06.35,8463,2,,on_spike
313,4B,set,~,#,1817,-126558,4683,959,4683,Alexandra Klineman,4,02,03,,,104007,4334,00.06.35,,2,,
314,1B,attack,shot,=,1819,-126559,4683,959,4683,April Ross,3,02,03,line,X3,104007,4850,00.06.35,8005,2,,
316,,point,,,,,959,959,4683,,,03,03,,,104007,,,,2,,
317,53D,serve,jump_float,-,1838,-8333,959,959,4683,Nina Betschart,2,03,03,,,104007,0813,00.06.35,6259,2,,
318,3D,reception,low,#,1840,-126559,4683,959,4683,April Ross,3,03,03,,,104007,0813,00.06.35,6259,2,,
319,6C,attack,hard,-,1841,-126558,4683,959,4683,Alexandra Klineman,4,03,03,angle,C3,104007,4759,00.06.35,7952,2,let,
320,,dig,,+,1842,-8333,959,959,4683,Nina Betschart,2,03,03,,,104007,4759,00.06.35,7952,2,,
321,8A,set,~,#,1843,-8334,959,959,4683,Tanja Huberli,1,03,03,,,104007,2851,00.06.35,,2,,
322,5A,attack,hard,-,1845,-8333,959,959,4683,Nina Betschart,2,03,03,line,V2,104007,4832,00.06.35,8370,2,let,
323,,dig,,#,1845,-126559,4683,959,4683,April Ross,3,03,03,,,104007,4832,00.06.35,8370,2,,
324,3D,set,~,#,1847,-126558,4683,959,4683,Alexandra Klineman,4,03,03,,,104007,3849,00.06.35,,2,,
325,1A,attack,hard,#,1849,-126559,4683,959,4683,April Ross,3,03,03,jump_angle,X1,104007,4815,00.06.35,8517,2,,
327,,point,,,,,4683,959,4683,,,03,04,,,104007,,,,2,,
328,66A,serve,jump_float,-,1883,-126559,4683,959,4683,April Ross,3,03,04,,,104007,0448,00.06.35,8545,2,,
329,6A,reception,left,#,1884,-8333,959,959,4683,Nina Betschart,2,03,04,,,104007,0448,00.06.35,8545,2,,
330,3B,set,~,#,1886,-8334,959,959,4683,Tanja Huberli,1,03,04,,,104007,4654,00.06.35,,2,,
331,9C,attack,shot,-,1888,-8333,959,959,4683,Nina Betschart,2,03,04,line,X4,104007,4869,00.06.35,6527,2,,
332,,dig,,+,1888,-126559,4683,959,4683,April Ross,3,03,04,,,104007,4869,00.06.35,6527,2,,emergency
333,3D,set,~,#,1889,-126558,4683,959,4683,Alexandra Klineman,4,03,04,,,104007,4243,00.06.35,,2,,
334,5D,attack,hard,#,1891,-126559,4683,959,4683,April Ross,3,03,04,peel,J4,104007,4067,00.06.35,8687,2,,
336,,point,,,,,4683,959,4683,,,03,05,,,104007,,,,2,,
337,66A,serve,jump_float,!,1915,-126559,4683,959,4683,April Ross,3,03,05,,,104007,0546,00.06.35,8440,2,,
338,6A,reception,middle,!,1916,-8333,959,959,4683,Nina Betschart,2,03,05,,,104007,0546,00.06.35,8440,2,,
339,8B,set,~,#,1917,-8334,959,959,4683,Tanja Huberli,1,03,05,,,104007,3657,00.06.35,,2,,
340,1B,attack,hard,#,1918,-8333,959,959,4683,Nina Betschart,2,03,05,line,X4,104007,4869,00.06.35,7912,2,,
342,,point,,,,,959,959,4683,,,04,05,,,104007,,,,2,,
343,65A,serve,standing_float_near,!,1937,-8334,959,959,4683,Tanja Huberli,1,04,05,,,104007,0954,00.06.35,8465,2,,
344,5A,reception,middle,!,1938,-126559,4683,959,4683,April Ross,3,04,05,,,104007,0954,00.06.35,8465,2,,
345,2C,set,~,-,1940,-126558,4683,959,4683,Alexandra Klineman,4,04,05,,,104007,4665,00.06.35,,2,,
346,5C,attack,hard,/,1941,-126559,4683,959,4683,April Ross,3,04,05,angle,X1,104007,4522,00.06.35,7883,2,,
347,,block,,#,1942,-8334,959,959,4683,Tanja Huberli,1,04,05,,,104007,5061,00.06.35,,2,,
348,,point,,,,,959,959,4683,,,05,05,,,104007,,,,2,,
349,66D,serve,standing_float_near,!,1960,-8334,959,959,4683,Tanja Huberli,1,05,05,,,104007,0954,00.06.35,8460,2,,
350,6D,reception,middle,!,1961,-126559,4683,959,4683,April Ross,3,05,05,,,104007,0954,00.06.35,8460,2,,
351,8C,set,~,#,1962,-126558,4683,959,4683,Alexandra Klineman,4,05,05,,,104007,3146,00.06.35,,2,,
352,9A,attack,shot,#,1964,-126559,4683,959,4683,April Ross,3,05,05,line,V4,104007,4868,00.06.35,7321,2,,
354,,point,,,,,4683,959,4683,,,05,06,,,104007,,,,2,,
355,51D,serve,jump_float,=,1984,-126558,4683,959,4683,Alexandra Klineman,4,05,06,,,104007,0926,00.06.35,9728,2,,
357,,point,,,,,959,959,4683,,,06,06,,,104007,,,,2,,
358,55A,serve,jump_float,-,2003,-8333,959,959,4683,Nina Betschart,2,06,06,,,104007,0926,00.06.35,8377,2,,
359,5A,reception,middle,+,2004,-126559,4683,959,4683,April Ross,3,06,06,,,104007,0926,00.06.35,8377,2,,
360,3C,set,~,#,2005,-126558,4683,959,4683,Alexandra Klineman,4,06,06,,,104007,4537,00.06.35,,2,,
361,4A,attack,shot,#,2007,-126559,4683,959,4683,April Ross,3,06,06,jump_angle,X2,104007,4832,00.06.35,5874,2,,
363,,point,,,,,4683,959,4683,,,06,07,,,104007,,,,2,,
364,65D,serve,jump_float,-,2029,-126559,4683,959,4683,April Ross,3,06,07,,,104007,0447,00.06.35,8483,2,,
365,5D,reception,left,#,2030,-8334,959,959,4683,Tanja Huberli,1,06,07,,,104007,0447,00.06.35,8483,2,,
366,3C,set,~,#,2031,-8333,959,959,4683,Nina Betschart,2,06,07,,,104007,4745,00.06.35,,2,,
367,1A,attack,shot,=,2033,-8334,959,959,4683,Tanja Huberli,1,06,07,line,X1,104007,4621,00.06.35,9402,2,,
369,,point,,,,,4683,959,4683,,,06,08,,,104007,,,,2,,
370,66D,serve,jump_float,+,2101,-126559,4683,959,4683,April Ross,3,06,08,,,104007,0352,00.06.35,8554,2,,
371,6D,reception,left,-,2102,-8333,959,959,4683,Nina Betschart,2,06,08,,,104007,0352,00.06.35,8554,2,,
372,6D,set,~,-,2104,-8334,959,959,4683,Tanja Huberli,1,06,08,,,104007,1147,00.06.35,,2,,
373,1D,attack,hard,-,2106,-8333,959,959,4683,Nina Betschart,2,06,08,line,V3,104007,4353,00.06.35,8632,2,let,
374,,dig,,#,2106,-126559,4683,959,4683,April Ross,3,06,08,,,104007,4353,00.06.35,8632,2,,on_spike
375,3D,set,~,#,2108,-126558,4683,959,4683,Alexandra Klineman,4,06,08,,,104007,4050,00.06.35,,2,,
376,6A,attack,hard,-,2110,-126559,4683,959,4683,April Ross,3,06,08,peel,J4,104007,4067,00.06.35,8749,2,let,
377,,dig,,+,2110,-8333,959,959,4683,Nina Betschart,2,06,08,,,104007,4067,00.06.35,8749,2,,on_spike
378,6B,set,~,#,2112,-8334,959,959,4683,Tanja Huberli,1,06,08,,,104007,2057,00.06.35,,2,,
379,5B,attack,shot,-,2114,-8333,959,959,4683,Nina Betschart,2,06,08,peel,J1,104007,3318,00.06.35,8074,2,,
380,,dig,,#,2115,-126559,4683,959,4683,April Ross,3,06,08,,,104007,3318,00.06.35,8074,2,,after_block
381,3B,set,~,-,2116,-126558,4683,959,4683,Alexandra Klineman,4,06,08,,,104007,4655,00.06.35,,2,,
382,8D,attack,pokey,#,2118,-126559,4683,959,4683,April Ross,3,06,08,line,X1,104007,4815,00.06.35,7459,2,,
383,,block,,=,2118,-8334,959,959,4683,Tanja Huberli,1,06,08,,,104007,,00.06.35,,2,,
384,,point,,,,,4683,959,4683,,,06,09,,,104007,,,,2,,
385,96D,serve,jump_float,+,2213,-126559,4683,959,4683,April Ross,3,06,09,,,104007,0168,00.06.35,8751,2,,
386,6D,reception,left,-,2214,-8333,959,959,4683,Nina Betschart,2,06,09,,,104007,0168,00.06.35,8751,2,,
387,7D,set,~,#,2216,-8334,959,959,4683,Tanja Huberli,1,06,09,,,104007,2813,00.06.35,,2,,
388,2B,attack,pokey,#,2217,-8333,959,959,4683,Nina Betschart,2,06,09,line,V2,104007,4832,00.06.35,5514,2,,
390,,point,,,,,959,959,4683,,,07,09,,,104007,,,,2,,
391,61C,serve,standing_float_near,-,2236,-8334,959,959,4683,Tanja Huberli,1,07,09,,,104007,0946,00.06.35,8232,2,,
392,1C,reception,right,#,2237,-126558,4683,959,4683,Alexandra Klineman,4,07,09,,,104007,0946,00.06.35,8232,2,,
393,9A,attack,pokey,#,2238,-126559,4683,959,4683,April Ross,3,07,09,peel,C3,104007,4850,00.06.35,7617,2,,
395,,point,,,,,4683,959,4683,,,07,10,,,104007,,,,2,,
396,51A,serve,jump_float,-,2258,-126558,4683,959,4683,Alexandra Klineman,4,07,10,,,104007,0915,00.06.35,8422,2,,
397,1A,reception,right,+,2259,-8333,959,959,4683,Nina Betschart,2,07,10,,,104007,0915,00.06.35,8422,2,,
398,8A,set,~,#,2261,-8334,959,959,4683,Tanja Huberli,1,07,10,,,104007,3054,00.06.35,,2,,
399,7D,attack,shot,+,2262,-8333,959,959,4683,Nina Betschart,2,07,10,line,X4,104007,4869,00.06.35,7577,2,,
400,,block,,-,2263,-126558,4683,959,4683,Alexandra Klineman,4,07,10,,,104007,4829,00.06.35,,2,,
401,,free_ball,,!,2264,-8334,959,959,4683,Tanja Huberli,1,07,10,,,104007,4345,00.06.35,,2,,
402,8D,set,~,#,2265,-8333,959,959,4683,Nina Betschart,2,07,10,,,104007,2444,00.06.35,,2,,
403,6D,attack,hard,#,2267,-8334,959,959,4683,Tanja Huberli,1,07,10,line,J1,104007,3913,00.06.35,9653,2,,
404,,block,,=,2267,-126558,4683,959,4683,Alexandra Klineman,4,07,10,,,104007,4879,00.06.35,,2,,
405,,point,,,,,959,959,4683,,,08,10,,,104007,,,,2,,
406,61C,serve,jump_float,-,2363,-8333,959,959,4683,Nina Betschart,2,08,10,,,104007,0954,00.06.35,8228,2,,
407,1C,reception,right,#,2364,-126558,4683,959,4683,Alexandra Klineman,4,08,10,,,104007,0954,00.06.35,8228,2,,
408,3B,set,~,-,2366,-126559,4683,959,4683,April Ross,3,08,10,,,104007,4752,00.06.35,,2,,
409,7C,attack,pokey,+,2367,-126558,4683,959,4683,Alexandra Klineman,4,08,10,line,X5,104007,4885,00.06.35,6585,2,,
410,,block,,-,2367,-8334,959,959,4683,Tanja Huberli,1,08,10,,,104007,4716,00.06.35,,2,,
411,,free_ball,,!,2368,-126558,4683,959,4683,Alexandra Klineman,4,08,10,,,104007,4774,00.06.35,,2,,
412,3B,set,~,#,2370,-126559,4683,959,4683,April Ross,3,08,10,,,104007,4360,00.06.35,,2,,
413,2A,attack,hard,#,2371,-126558,4683,959,4683,Alexandra Klineman,4,08,10,line,V5,104007,4885,00.06.35,6223,2,,
415,,point,,,,,4683,959,4683,,,08,11,,,104007,,,,2,,
416,18A,serve,jump_float,!,2394,-126559,4683,959,4683,April Ross,3,08,11,,,104007,0377,00.06.35,7647,2,,
417,8A,reception,low,!,2395,-8333,959,959,4683,Nina Betschart,2,08,11,,,104007,0377,00.06.35,7647,2,,
418,8D,set,~,#,2397,-8334,959,959,4683,Tanja Huberli,1,08,11,,,104007,2738,00.06.35,,2,,
419,8B,attack,pokey,/,2398,-8333,959,959,4683,Nina Betschart,2,08,11,line,V3,104007,4657,00.06.35,6549,2,,
420,,block,,#,2398,-126558,4683,959,4683,Alexandra Klineman,4,08,11,,,104007,4842,00.06.35,,2,,
421,,free_ball,,=,2399,-8334,959,959,4683,Tanja Huberli,1,08,11,,,104007,4850,00.06.35,,2,,
422,,point,,,,,4683,959,4683,,,08,12,,,104007,,,,2,,
423,19D,serve,jump_float,-,2420,-126559,4683,959,4683,April Ross,3,08,12,,,104007,0477,00.06.35,7431,2,,
424,9D,reception,low,+,2421,-8333,959,959,4683,Nina Betschart,2,08,12,,,104007,0477,00.06.35,7431,2,,
425,5B,attack,shot,#,2423,-8334,959,959,4683,Tanja Huberli,1,08,12,angle,C3,104007,4654,00.06.35,7976,2,,
426,,block,,=,2423,-126558,4683,959,4683,Alexandra Klineman,4,08,12,,,104007,4933,00.06.35,,2,,
427,,point,,,,,959,959,4683,,,09,12,,,104007,,,,2,,
428,66C,serve,standing_float_near,-,2523,-8334,959,959,4683,Tanja Huberli,1,09,12,,,104007,0959,00.06.35,8250,2,,
429,6C,reception,right,+,2524,-126559,4683,959,4683,April Ross,3,09,12,,,104007,0959,00.06.35,8250,2,,
430,3C,set,~,#,2526,-126558,4683,959,4683,Alexandra Klineman,4,09,12,,,104007,4540,00.06.35,,2,,
431,7A,attack,shot,/,2528,-126559,4683,959,4683,April Ross,3,09,12,jump_line,X3,104007,4455,00.06.35,7172,2,,
432,,block,,#,2528,-8334,959,959,4683,Tanja Huberli,1,09,12,,,104007,4936,00.06.35,,2,,
433,,point,,,,,959,959,4683,,,10,12,,,104007,,,,2,,
434,65C,serve,standing_float_near,!,2546,-8334,959,959,4683,Tanja Huberli,1,10,12,,,104007,0861,00.06.35,8187,2,,
435,5C,reception,left,!,2547,-126559,4683,959,4683,April Ross,3,10,12,,,104007,0861,00.06.35,8187,2,,
436,7C,set,~,#,2549,-126558,4683,959,4683,Alexandra Klineman,4,10,12,,,104007,3518,00.06.35,,2,,
437,7D,attack,shot,#,2551,-126559,4683,959,4683,April Ross,3,10,12,jump_angle,V1,104007,4214,00.06.35,7485,2,,
439,,point,,,,,4683,959,4683,,,10,13,,,104007,,,,2,,
440,51D,serve,jump_float,!,2570,-126558,4683,959,4683,Alexandra Klineman,4,10,13,,,104007,0926,00.06.35,8926,2,,
441,1D,reception,right,!,2571,-8333,959,959,4683,Nina Betschart,2,10,13,,,104007,0926,00.06.35,8926,2,,
442,9D,set,~,#,2573,-8334,959,959,4683,Tanja Huberli,1,10,13,,,104007,2768,00.06.35,,2,,
443,2A,attack,shot,#,2575,-8333,959,959,4683,Nina Betschart,2,10,13,line,V5,104007,4885,00.06.35,6223,2,,
445,,point,,,,,959,959,4683,,,11,13,,,104007,,,,2,,
446,56C,serve,jump_float,-,2597,-8333,959,959,4683,Nina Betschart,2,11,13,,,104007,0919,00.06.35,8061,2,,
447,6C,reception,middle,#,2598,-126559,4683,959,4683,April Ross,3,11,13,,,104007,0919,00.06.35,8061,2,,
448,3B,set,~,#,2599,-126558,4683,959,4683,Alexandra Klineman,4,11,13,,,104007,4751,00.06.35,,2,,
449,2A,attack,pokey,#,2601,-126559,4683,959,4683,April Ross,3,11,13,jump_line,X3,104007,4850,00.06.35,6212,2,,
451,,point,,,,,4683,959,4683,,,11,14,,,104007,,,,2,,
452,65A,serve,jump_float,-,2623,-126559,4683,959,4683,April Ross,3,11,14,,,104007,0346,00.06.35,8476,2,,
453,5A,reception,left,+,2625,-8334,959,959,4683,Tanja Huberli,1,11,14,,,104007,0346,00.06.35,8476,2,,
454,4A,set,~,#,2626,-8333,959,959,4683,Nina Betschart,2,11,14,,,104007,3735,00.06.35,,2,,
455,1B,attack,shot,#,2628,-8334,959,959,4683,Tanja Huberli,1,11,14,line,X1,104007,4815,00.06.35,8213,2,,
456,,block,,=,2628,-126558,4683,959,4683,Alexandra Klineman,4,11,14,,,104007,4886,00.06.35,,2,,
457,,point,,,,,959,959,4683,,,12,14,,,104007,,,,2,,
458,65C,serve,standing_float_near,!,2649,-8334,959,959,4683,Tanja Huberli,1,12,14,,,104007,0954,00.06.35,8187,2,,
459,5C,reception,left,!,2650,-126559,4683,959,4683,April Ross,3,12,14,,,104007,0954,00.06.35,8187,2,,
460,8C,set,~,#,2652,-126558,4683,959,4683,Alexandra Klineman,4,12,14,,,104007,3247,00.06.35,,2,,
461,5B,attack,hard,#,2653,-126559,4683,959,4683,April Ross,3,12,14,line,J2,104007,3931,00.06.35,8166,2,,
462,,dig,,=,2654,-8333,959,959,4683,Nina Betschart,2,12,14,,,104007,3931,00.06.35,8166,2,,emergency
463,,point,,,,,4683,959,4683,,,12,15,,,104007,,,,2,,
464,51D,serve,jump_float,+,2675,-126558,4683,959,4683,Alexandra Klineman,4,12,15,,,104007,0926,00.06.35,8532,2,,
465,1D,reception,middle,-,2676,-8333,959,959,4683,Nina Betschart,2,12,15,,,104007,0926,00.06.35,8532,2,,
466,1B,set,~,#,2677,-8334,959,959,4683,Tanja Huberli,1,12,15,,,104007,1982,00.06.35,,2,,
467,6C,attack,hard,-,2679,-8333,959,959,4683,Nina Betschart,2,12,15,peel,V3,104007,4346,00.06.35,7952,2,let,
468,,dig,,+,2679,-126559,4683,959,4683,April Ross,3,12,15,,,104007,4346,00.06.35,7952,2,,on_spike
469,8D,set,~,#,2681,-126558,4683,959,4683,Alexandra Klineman,4,12,15,,,104007,2445,00.06.35,,2,,
470,5D,attack,hard,#,2683,-126559,4683,959,4683,April Ross,3,12,15,peel,V4,104007,4368,00.06.35,8777,2,,
472,,point,,,,,4683,959,4683,,,12,16,,,104007,,,,2,,
473,51B,serve,jump_float,!,2712,-126558,4683,959,4683,Alexandra Klineman,4,12,16,,,104007,0926,00.06.35,8113,2,,
474,1B,reception,right,!,2713,-8333,959,959,4683,Nina Betschart,2,12,16,,,104007,0926,00.06.35,8113,2,,
475,8B,set,~,#,2714,-8334,959,959,4683,Tanja Huberli,1,12,16,,,104007,3359,00.06.35,,2,,
476,9B,attack,shot,#,2716,-8333,959,959,4683,Nina Betschart,2,12,16,line,X5,104007,4186,00.06.35,6717,2,,
478,,point,,,,,959,959,4683,,,13,16,,,104007,,,,2,,
479,16D,serve,jump_float,+,2734,-8333,959,959,4683,Nina Betschart,2,13,16,,,104007,0982,00.06.35,8462,2,,
480,6D,reception,right,-,2735,-126559,4683,959,4683,April Ross,3,13,16,,,104007,0982,00.06.35,8462,2,,
481,6B,set,~,#,2737,-126558,4683,959,4683,Alexandra Klineman,4,13,16,,,104007,2353,00.06.35,,2,,
482,1A,attack,shot,#,2739,-126559,4683,959,4683,April Ross,3,13,16,jump_line,V2,104007,4832,00.06.35,8316,2,,
484,,point,,,,,4683,959,4683,,,13,17,,,104007,,,,2,,
485,63C,serve,jump_float,=,2760,-126559,4683,959,4683,April Ross,3,13,17,,,104007,0954,00.06.35,5355,2,,
487,,point,,,,,959,959,4683,,,14,17,,,104007,,,,2,,
488,51C,serve,standing_float_near,-,2775,-8334,959,959,4683,Tanja Huberli,1,14,17,,,104007,0820,00.06.35,7727,2,,
489,1C,reception,low,#,2776,-126558,4683,959,4683,Alexandra Klineman,4,14,17,,,104007,0820,00.06.35,7727,2,,
490,3B,set,~,#,2778,-126559,4683,959,4683,April Ross,3,14,17,,,104007,4753,00.06.35,,2,,
491,4C,attack,shot,#,2780,-126558,4683,959,4683,Alexandra Klineman,4,14,17,jump_angle,X5,104007,4677,00.06.35,5677,2,,
493,,point,,,,,4683,959,4683,,,14,18,,,104007,,,,2,,
494,56A,serve,jump_float,!,2801,-126558,4683,959,4683,Alexandra Klineman,4,14,18,,,104007,0926,00.06.35,8348,2,,
495,6A,reception,left,!,2802,-8333,959,959,4683,Nina Betschart,2,14,18,,,104007,0926,00.06.35,8348,2,,
496,8A,set,~,#,2803,-8334,959,959,4683,Tanja Huberli,1,14,18,,,104007,2558,00.06.35,,2,,
497,9B,attack,hard,#,2805,-8333,959,959,4683,Nina Betschart,2,14,18,angle,V5,104007,4386,00.06.35,7021,2,,
499,,point,,,,,959,959,4683,,,15,18,,,104007,,,,2,,
500,16A,serve,jump_float,=,2824,-8333,959,959,4683,Nina Betschart,2,15,18,,,104007,0982,00.06.35,9745,2,,
502,,point,,,,,4683,959,4683,,,15,19,,,104007,,,,2,,
503,16B,serve,jump_float,-,2845,-126559,4683,959,4683,April Ross,3,15,19,,,104007,0383,00.06.35,8046,2,,
504,6B,reception,middle,+,2846,-8333,959,959,4683,Nina Betschart,2,15,19,,,104007,0383,00.06.35,8046,2,,
505,3D,set,~,#,2847,-8334,959,959,4683,Tanja Huberli,1,15,19,,,104007,3847,00.06.35,,2,,
506,8C,attack,shot,#,2849,-8333,959,959,4683,Nina Betschart,2,15,19,jump_angle,X3,104007,4455,00.06.35,6963,2,,
508,,point,,,,,959,959,4683,,,16,19,,,104007,,,,2,,
509,66D,serve,standing_float_near,=,2874,-8334,959,959,4683,Tanja Huberli,1,16,19,,,104007,0940,00.06.35,9553,2,,
511,,point,,,,,4683,959,4683,,,16,20,,,104007,,,,2,,
512,61C,serve,jump_float,!,2892,-126558,4683,959,4683,Alexandra Klineman,4,16,20,,,104007,0954,00.06.35,8329,2,,
513,1C,reception,middle,!,2893,-8333,959,959,4683,Nina Betschart,2,16,20,,,104007,0954,00.06.35,8329,2,,
514,2C,set,~,#,2894,-8334,959,959,4683,Tanja Huberli,1,16,20,,,104007,4768,00.06.35,,2,,
515,1C,attack,hard,#,2896,-8333,959,959,4683,Nina Betschart,2,16,20,jump_angle,X5,104007,4484,00.06.35,8030,2,,
516,,block,,=,2896,-126558,4683,959,4683,Alexandra Klineman,4,16,20,,,104007,4831,00.06.35,,2,,
517,,point,,,,,959,959,4683,,,17,20,,,104007,,,,2,,
518,16B,serve,jump_float,+,2914,-8333,959,959,4683,Nina Betschart,2,17,20,,,104007,0985,00.06.35,7943,2,,
519,6B,reception,left,-,2916,-126558,4683,959,4683,Alexandra Klineman,4,17,20,,,104007,0985,00.06.35,7943,2,,
520,9D,set,~,#,2917,-126559,4683,959,4683,April Ross,3,17,20,,,104007,2575,00.06.35,,2,,
521,9D,attack,pokey,#,2919,-126558,4683,959,4683,Alexandra Klineman,4,17,20,jump_line,V3,104007,4652,00.06.35,7125,2,,
523,,point,,,,,4683,959,4683,,,17,21,,,104007,,,,2,,
